STRUCTURE,STRUCTURE_ID,STRUCTURE_NAME,ACTION,REF_AREA,Reference area,FREQ,Frequency of observation,METHODOLOGY,Methodology,MEASURE,Measure,UNIT_MEASURE,Unit of measure,EXPENDITURE,Expenditure,ADJUSTMENT,Adjustment,TRANSFORMATION,Transformation,TIME_PERIOD,Time period,OBS_VALUE,Observation value,OBS_STATUS,Observation status,UNIT_MULT,Unit multiplier,BASE_PER,Base period,DURABILITY,Durability,DECIMALS,Decimals
DATAFLOW,OECD.SDD.TPS:DSD_G20_PRICES@DF_G20_PRICES(1.0),"G20 - Consumer price indices, all items",I,CAN,Canada,Q,Quarterly,N,National,CPI,Consumer price index,PA,Percent per annum,_T,Total,N,Neither seasonally adjusted nor calendar adjusted,GY,"Growth rate, over 1 year",2013-Q2,,0.7652364,,A,Normal value,0,Units,,,,,1,One
DATAFLOW,OECD.SDD.TPS:DSD_G20_PRICES@DF_G20_PRICES(1.0),"G20 - Consumer price indices, all items",I,CAN,Canada,Q,Quarterly,N,National,CPI,Consumer price index,PA,Percent per annum,_T,Total,N,Neither seasonally adjusted nor calendar adjusted,GY,"Growth rate, over 1 year",2013-Q1,,0.9075907,,A,Normal value,0,Units,,,,,1,One
DATAFLOW,OECD.SDD.TPS:DSD_G20_PRICES@DF_G20_PRICES(1.0),"G20 - Consumer price indices, all items",I,CAN,Canada,Q,Quarterly,N,National,CPI,Consumer price index,PA,Percent per annum,_T,Total,N,Neither seasonally adjusted nor calendar adjusted,GY,"Growth rate, over 1 year",2001-Q2,,3.580204,,A,Normal value,0,Units,,,,,1,One
DATAFLOW,OECD.SDD.TPS:DSD_G20_PRICES@DF_G20_PRICES(1.0),"G20 - Consumer price indices, all items",I,CAN,Canada,Q,Quarterly,N,National,CPI,Consumer price index,PA,Percent per annum,_T,Total,N,Neither seasonally adjusted nor calendar adjusted,GY,"Growth rate, over 1 year",2001-Q1,,2.76204,,A,Normal value,0,Units,,,,,1,One
DATAFLOW,OECD.SDD.TPS:DSD_G20_PRICES@DF_G20_PRICES(1.0),"G20 - Consumer price indices, all items",I,CAN,Canada,Q,Quarterly,N,National,CPI,Consumer price index,PA,Percent per annum,_T,Total,N,Neither seasonally adjusted nor calendar adjusted,GY,"Growth rate, over 1 year",2000-Q4,,3.060498,,A,Normal value,0,Units,,,,,1,One
DATAFLOW,OECD.SDD.TPS:DSD_G20_PRICES@DF_G20_PRICES(1.0),"G20 - Consumer price indices, all items",I,CAN,Canada,Q,Quarterly,N,National,CPI,Consumer price index,PA,Percent per annum,_T,Total,N,Neither seasonally adjusted nor calendar adjusted,GY,"Growth rate, over 1 year",2000-Q3,,2.714286,,A,Normal value,0,Units,,,,,1,One
DATAFLOW,OECD.SDD.TPS:DSD_G20_PRICES@DF_G20_PRICES(1.0),"G20 - Consumer price indices, all items",I,CAN,Canada,Q,Quarterly,N,National,CPI,Consumer price index,PA,Percent per annum,_T,Total,N,Neither seasonally adjusted nor calendar adjusted,GY,"Growth rate, over 1 year",2000-Q2,,2.445164,,A,Normal value,0,Units,,,,,1,One
DATAFLOW,OECD.SDD.TPS:DSD_G20_PRICES@DF_G20_PRICES(1.0),"G20 - Consumer price indices, all items",I,CAN,Canada,Q,Quarterly,N,National,CPI,Consumer price index,PA,Percent per annum,_T,Total,N,Neither seasonally adjusted nor calendar adjusted,GY,"Growth rate, over 1 year",2000-Q1,,2.65358,,A,Normal value,0,Units,,,,,1,One
DATAFLOW,OECD.SDD.TPS:DSD_G20_PRICES@DF_G20_PRICES(1.0),"G20 - Consumer price indices, all items",I,CAN,Canada,Q,Quarterly,N,National,CPI,Consumer price index,PA,Percent per annum,_T,Total,N,Neither seasonally adjusted nor calendar adjusted,GY,"Growth rate, over 1 year",2005-Q1,,2.124236,,A,Normal value,0,Units,,,,,1,One
DATAFLOW,OECD.SDD.TPS:DSD_G20_PRICES@DF_G20_PRICES(1.0),"G20 - Consumer price indices, all items",I,CAN,Canada,Q,Quarterly,N,National,CPI,Consumer price index,PA,Percent per annum,_T,Total,N,Neither seasonally adjusted nor calendar adjusted,GY,"Growth rate, over 1 year",2004-Q4,,2.296991,,A,Normal value,0,Units,,,,,1,One
DATAFLOW,OECD.SDD.TPS:DSD_G20_PRICES@DF_G20_PRICES(1.0),"G20 - Consumer price indices, all items",I,CAN,Canada,Q,Quarterly,N,National,CPI,Consumer price index,PA,Percent per annum,_T,Total,N,Neither seasonally adjusted nor calendar adjusted,GY,"Growth rate, over 1 year",2004-Q3,,2.009073,,A,Normal value,0,Units,,,,,1,One
DATAFLOW,OECD.SDD.TPS:DSD_G20_PRICES@DF_G20_PRICES(1.0),"G20 - Consumer price indices, all items",I,CAN,Canada,Q,Quarterly,N,National,CPI,Consumer price index,PA,Percent per annum,_T,Total,N,Neither seasonally adjusted nor calendar adjusted,GY,"Growth rate, over 1 year",2004-Q2,,2.212101,,A,Normal value,0,Units,,,,,1,One
DATAFLOW,OECD.SDD.TPS:DSD_G20_PRICES@DF_G20_PRICES(1.0),"G20 - Consumer price indices, all items",I,CAN,Canada,Q,Quarterly,N,National,CPI,Consumer price index,PA,Percent per annum,_T,Total,N,Neither seasonally adjusted nor calendar adjusted,GY,"Growth rate, over 1 year",2004-Q1,,0.9093862,,A,Normal value,0,Units,,,,,1,One
DATAFLOW,OECD.SDD.TPS:DSD_G20_PRICES@DF_G20_PRICES(1.0),"G20 - Consumer price indices, all items",I,CAN,Canada,Q,Quarterly,N,National,CPI,Consumer price index,PA,Percent per annum,_T,Total,N,Neither seasonally adjusted nor calendar adjusted,GY,"Growth rate, over 1 year",2003-Q4,,1.744569,,A,Normal value,0,Units,,,,,1,One
DATAFLOW,OECD.SDD.TPS:DSD_G20_PRICES@DF_G20_PRICES(1.0),"G20 - Consumer price indices, all items",I,CAN,Canada,Q,Quarterly,N,National,CPI,Consumer price index,PA,Percent per annum,_T,Total,N,Neither seasonally adjusted nor calendar adjusted,GY,"Growth rate, over 1 year",2003-Q3,,2.084023,,A,Normal value,0,Units,,,,,1,One
DATAFLOW,OECD.SDD.TPS:DSD_G20_PRICES@DF_G20_PRICES(1.0),"G20 - Consumer price indices, all items",I,CAN,Canada,Q,Quarterly,N,National,CPI,Consumer price index,PA,Percent per annum,_T,Total,N,Neither seasonally adjusted nor calendar adjusted,GY,"Growth rate, over 1 year",2003-Q2,,2.774992,,A,Normal value,0,Units,,,,,1,One
DATAFLOW,OECD.SDD.TPS:DSD_G20_PRICES@DF_G20_PRICES(1.0),"G20 - Consumer price indices, all items",I,CAN,Canada,Q,Quarterly,N,National,CPI,Consumer price index,PA,Percent per annum,_T,Total,N,Neither seasonally adjusted nor calendar adjusted,GY,"Growth rate, over 1 year",2003-Q1,,4.479131,,A,Normal value,0,Units,,,,,1,One
DATAFLOW,OECD.SDD.TPS:DSD_G20_PRICES@DF_G20_PRICES(1.0),"G20 - Consumer price indices, all items",I,CAN,Canada,Q,Quarterly,N,National,CPI,Consumer price index,PA,Percent per annum,_T,Total,N,Neither seasonally adjusted nor calendar adjusted,GY,"Growth rate, over 1 year",2002-Q4,,3.792279,,A,Normal value,0,Units,,,,,1,One
DATAFLOW,OECD.SDD.TPS:DSD_G20_PRICES@DF_G20_PRICES(1.0),"G20 - Consumer price indices, all items",I,CAN,Canada,Q,Quarterly,N,National,CPI,Consumer price index,PA,Percent per annum,_T,Total,N,Neither seasonally adjusted nor calendar adjusted,GY,"Growth rate, over 1 year",2002-Q3,,2.335816,,A,Normal value,0,Units,,,,,1,One
DATAFLOW,OECD.SDD.TPS:DSD_G20_PRICES@DF_G20_PRICES(1.0),"G20 - Consumer price indices, all items",I,CAN,Canada,Q,Quarterly,N,National,CPI,Consumer price index,PA,Percent per annum,_T,Total,N,Neither seasonally adjusted nor calendar adjusted,GY,"Growth rate, over 1 year",2002-Q2,,1.355473,,A,Normal value,0,Units,,,,,1,One
DATAFLOW,OECD.SDD.TPS:DSD_G20_PRICES@DF_G20_PRICES(1.0),"G20 - Consumer price indices, all items",I,CAN,Canada,Q,Quarterly,N,National,CPI,Consumer price index,PA,Percent per annum,_T,Total,N,Neither seasonally adjusted nor calendar adjusted,GY,"Growth rate, over 1 year",2002-Q1,,1.550655,,A,Normal value,0,Units,,,,,1,One
DATAFLOW,OECD.SDD.TPS:DSD_G20_PRICES@DF_G20_PRICES(1.0),"G20 - Consumer price indices, all items",I,CAN,Canada,Q,Quarterly,N,National,CPI,Consumer price index,PA,Percent per annum,_T,Total,N,Neither seasonally adjusted nor calendar adjusted,GY,"Growth rate, over 1 year",2001-Q4,,1.070442,,A,Normal value,0,Units,,,,,1,One
DATAFLOW,OECD.SDD.TPS:DSD_G20_PRICES@DF_G20_PRICES(1.0),"G20 - Consumer price indices, all items",I,CAN,Canada,Q,Quarterly,N,National,CPI,Consumer price index,PA,Percent per annum,_T,Total,N,Neither seasonally adjusted nor calendar adjusted,GY,"Growth rate, over 1 year",2001-Q3,,2.7121,,A,Normal value,0,Units,,,,,1,One
DATAFLOW,OECD.SDD.TPS:DSD_G20_PRICES@DF_G20_PRICES(1.0),"G20 - Consumer price indices, all items",I,CAN,Canada,Q,Quarterly,N,National,CPI,Consumer price index,PA,Percent per annum,_T,Total,N,Neither seasonally adjusted nor calendar adjusted,GY,"Growth rate, over 1 year",2012-Q4,,0.939486,,A,Normal value,0,Units,,,,,1,One
DATAFLOW,OECD.SDD.TPS:DSD_G20_PRICES@DF_G20_PRICES(1.0),"G20 - Consumer price indices, all items",I,CAN,Canada,Q,Quarterly,N,National,CPI,Consumer price index,PA,Percent per annum,_T,Total,N,Neither seasonally adjusted nor calendar adjusted,GY,"Growth rate, over 1 year",2012-Q3,,1.219174,,A,Normal value,0,Units,,,,,1,One
DATAFLOW,OECD.SDD.TPS:DSD_G20_PRICES@DF_G20_PRICES(1.0),"G20 - Consumer price indices, all items",I,CAN,Canada,Q,Quarterly,N,National,CPI,Consumer price index,PA,Percent per annum,_T,Total,N,Neither seasonally adjusted nor calendar adjusted,GY,"Growth rate, over 1 year",2012-Q2,,1.582454,,A,Normal value,0,Units,,,,,1,One
DATAFLOW,OECD.SDD.TPS:DSD_G20_PRICES@DF_G20_PRICES(1.0),"G20 - Consumer price indices, all items",I,CAN,Canada,Q,Quarterly,N,National,CPI,Consumer price index,PA,Percent per annum,_T,Total,N,Neither seasonally adjusted nor calendar adjusted,GY,"Growth rate, over 1 year",2012-Q1,,2.336054,,A,Normal value,0,Units,,,,,1,One
DATAFLOW,OECD.SDD.TPS:DSD_G20_PRICES@DF_G20_PRICES(1.0),"G20 - Consumer price indices, all items",I,CAN,Canada,Q,Quarterly,N,National,CPI,Consumer price index,PA,Percent per annum,_T,Total,N,Neither seasonally adjusted nor calendar adjusted,GY,"Growth rate, over 1 year",2011-Q4,,2.6958,,A,Normal value,0,Units,,,,,1,One
DATAFLOW,OECD.SDD.TPS:DSD_G20_PRICES@DF_G20_PRICES(1.0),"G20 - Consumer price indices, all items",I,CAN,Canada,Q,Quarterly,N,National,CPI,Consumer price index,PA,Percent per annum,_T,Total,N,Neither seasonally adjusted nor calendar adjusted,GY,"Growth rate, over 1 year",2011-Q3,,2.996575,,A,Normal value,0,Units,,,,,1,One
DATAFLOW,OECD.SDD.TPS:DSD_G20_PRICES@DF_G20_PRICES(1.0),"G20 - Consumer price indices, all items",I,CAN,Canada,Q,Quarterly,N,National,CPI,Consumer price index,PA,Percent per annum,_T,Total,N,Neither seasonally adjusted nor calendar adjusted,GY,"Growth rate, over 1 year",2011-Q2,,3.357245,,A,Normal value,0,Units,,,,,1,One
DATAFLOW,OECD.SDD.TPS:DSD_G20_PRICES@DF_G20_PRICES(1.0),"G20 - Consumer price indices, all items",I,CAN,Canada,Q,Quarterly,N,National,CPI,Consumer price index,PA,Percent per annum,_T,Total,N,Neither seasonally adjusted nor calendar adjusted,GY,"Growth rate, over 1 year",2011-Q1,,2.598903,,A,Normal value,0,Units,,,,,1,One
DATAFLOW,OECD.SDD.TPS:DSD_G20_PRICES@DF_G20_PRICES(1.0),"G20 - Consumer price indices, all items",I,CAN,Canada,Q,Quarterly,N,National,CPI,Consumer price index,PA,Percent per annum,_T,Total,N,Neither seasonally adjusted nor calendar adjusted,GY,"Growth rate, over 1 year",2010-Q4,,2.263494,,A,Normal value,0,Units,,,,,1,One
DATAFLOW,OECD.SDD.TPS:DSD_G20_PRICES@DF_G20_PRICES(1.0),"G20 - Consumer price indices, all items",I,CAN,Canada,Q,Quarterly,N,National,CPI,Consumer price index,PA,Percent per annum,_T,Total,N,Neither seasonally adjusted nor calendar adjusted,GY,"Growth rate, over 1 year",2010-Q3,,1.830863,,A,Normal value,0,Units,,,,,1,One
DATAFLOW,OECD.SDD.TPS:DSD_G20_PRICES@DF_G20_PRICES(1.0),"G20 - Consumer price indices, all items",I,CAN,Canada,Q,Quarterly,N,National,CPI,Consumer price index,PA,Percent per annum,_T,Total,N,Neither seasonally adjusted nor calendar adjusted,GY,"Growth rate, over 1 year",2010-Q2,,1.396567,,A,Normal value,0,Units,,,,,1,One
DATAFLOW,OECD.SDD.TPS:DSD_G20_PRICES@DF_G20_PRICES(1.0),"G20 - Consumer price indices, all items",I,CAN,Canada,Q,Quarterly,N,National,CPI,Consumer price index,PA,Percent per annum,_T,Total,N,Neither seasonally adjusted nor calendar adjusted,GY,"Growth rate, over 1 year",2010-Q1,,1.61385,,A,Normal value,0,Units,,,,,1,One
DATAFLOW,OECD.SDD.TPS:DSD_G20_PRICES@DF_G20_PRICES(1.0),"G20 - Consumer price indices, all items",I,CAN,Canada,Q,Quarterly,N,National,CPI,Consumer price index,PA,Percent per annum,_T,Total,N,Neither seasonally adjusted nor calendar adjusted,GY,"Growth rate, over 1 year",2009-Q4,,0.7897046,,A,Normal value,0,Units,,,,,1,One
DATAFLOW,OECD.SDD.TPS:DSD_G20_PRICES@DF_G20_PRICES(1.0),"G20 - Consumer price indices, all items",I,CAN,Canada,Q,Quarterly,N,National,CPI,Consumer price index,PA,Percent per annum,_T,Total,N,Neither seasonally adjusted nor calendar adjusted,GY,"Growth rate, over 1 year",2009-Q3,,-0.8643042,,A,Normal value,0,Units,,,,,1,One
DATAFLOW,OECD.SDD.TPS:DSD_G20_PRICES@DF_G20_PRICES(1.0),"G20 - Consumer price indices, all items",I,CAN,Canada,Q,Quarterly,N,National,CPI,Consumer price index,PA,Percent per annum,_T,Total,N,Neither seasonally adjusted nor calendar adjusted,GY,"Growth rate, over 1 year",2009-Q2,,0.05822416,,A,Normal value,0,Units,,,,,1,One
DATAFLOW,OECD.SDD.TPS:DSD_G20_PRICES@DF_G20_PRICES(1.0),"G20 - Consumer price indices, all items",I,CAN,Canada,Q,Quarterly,N,National,CPI,Consumer price index,PA,Percent per annum,_T,Total,N,Neither seasonally adjusted nor calendar adjusted,GY,"Growth rate, over 1 year",2009-Q1,,1.247772,,A,Normal value,0,Units,,,,,1,One
DATAFLOW,OECD.SDD.TPS:DSD_G20_PRICES@DF_G20_PRICES(1.0),"G20 - Consumer price indices, all items",I,CAN,Canada,Q,Quarterly,N,National,CPI,Consumer price index,PA,Percent per annum,_T,Total,N,Neither seasonally adjusted nor calendar adjusted,GY,"Growth rate, over 1 year",2008-Q4,,1.907601,,A,Normal value,0,Units,,,,,1,One
DATAFLOW,OECD.SDD.TPS:DSD_G20_PRICES@DF_G20_PRICES(1.0),"G20 - Consumer price indices, all items",I,CAN,Canada,Q,Quarterly,N,National,CPI,Consumer price index,PA,Percent per annum,_T,Total,N,Neither seasonally adjusted nor calendar adjusted,GY,"Growth rate, over 1 year",2008-Q3,,3.426698,,A,Normal value,0,Units,,,,,1,One
DATAFLOW,OECD.SDD.TPS:DSD_G20_PRICES@DF_G20_PRICES(1.0),"G20 - Consumer price indices, all items",I,CAN,Canada,Q,Quarterly,N,National,CPI,Consumer price index,PA,Percent per annum,_T,Total,N,Neither seasonally adjusted nor calendar adjusted,GY,"Growth rate, over 1 year",2008-Q2,,2.353993,,A,Normal value,0,Units,,,,,1,One
DATAFLOW,OECD.SDD.TPS:DSD_G20_PRICES@DF_G20_PRICES(1.0),"G20 - Consumer price indices, all items",I,CAN,Canada,Q,Quarterly,N,National,CPI,Consumer price index,PA,Percent per annum,_T,Total,N,Neither seasonally adjusted nor calendar adjusted,GY,"Growth rate, over 1 year",2008-Q1,,1.784094,,A,Normal value,0,Units,,,,,1,One
DATAFLOW,OECD.SDD.TPS:DSD_G20_PRICES@DF_G20_PRICES(1.0),"G20 - Consumer price indices, all items",I,CAN,Canada,Q,Quarterly,N,National,CPI,Consumer price index,PA,Percent per annum,_T,Total,N,Neither seasonally adjusted nor calendar adjusted,GY,"Growth rate, over 1 year",2007-Q4,,2.411477,,A,Normal value,0,Units,,,,,1,One
DATAFLOW,OECD.SDD.TPS:DSD_G20_PRICES@DF_G20_PRICES(1.0),"G20 - Consumer price indices, all items",I,CAN,Canada,Q,Quarterly,N,National,CPI,Consumer price index,PA,Percent per annum,_T,Total,N,Neither seasonally adjusted nor calendar adjusted,GY,"Growth rate, over 1 year",2007-Q3,,2.13025,,A,Normal value,0,Units,,,,,1,One
DATAFLOW,OECD.SDD.TPS:DSD_G20_PRICES@DF_G20_PRICES(1.0),"G20 - Consumer price indices, all items",I,CAN,Canada,Q,Quarterly,N,National,CPI,Consumer price index,PA,Percent per annum,_T,Total,N,Neither seasonally adjusted nor calendar adjusted,GY,"Growth rate, over 1 year",2007-Q2,,2.192448,,A,Normal value,0,Units,,,,,1,One
DATAFLOW,OECD.SDD.TPS:DSD_G20_PRICES@DF_G20_PRICES(1.0),"G20 - Consumer price indices, all items",I,CAN,Canada,Q,Quarterly,N,National,CPI,Consumer price index,PA,Percent per annum,_T,Total,N,Neither seasonally adjusted nor calendar adjusted,GY,"Growth rate, over 1 year",2007-Q1,,1.816502,,A,Normal value,0,Units,,,,,1,One
DATAFLOW,OECD.SDD.TPS:DSD_G20_PRICES@DF_G20_PRICES(1.0),"G20 - Consumer price indices, all items",I,CAN,Canada,Q,Quarterly,N,National,CPI,Consumer price index,PA,Percent per annum,_T,Total,N,Neither seasonally adjusted nor calendar adjusted,GY,"Growth rate, over 1 year",2006-Q4,,1.361386,,A,Normal value,0,Units,,,,,1,One
DATAFLOW,OECD.SDD.TPS:DSD_G20_PRICES@DF_G20_PRICES(1.0),"G20 - Consumer price indices, all items",I,CAN,Canada,Q,Quarterly,N,National,CPI,Consumer price index,PA,Percent per annum,_T,Total,N,Neither seasonally adjusted nor calendar adjusted,GY,"Growth rate, over 1 year",2006-Q3,,1.733746,,A,Normal value,0,Units,,,,,1,One
DATAFLOW,OECD.SDD.TPS:DSD_G20_PRICES@DF_G20_PRICES(1.0),"G20 - Consumer price indices, all items",I,CAN,Canada,Q,Quarterly,N,National,CPI,Consumer price index,PA,Percent per annum,_T,Total,N,Neither seasonally adjusted nor calendar adjusted,GY,"Growth rate, over 1 year",2006-Q2,,2.560899,,A,Normal value,0,Units,,,,,1,One
DATAFLOW,OECD.SDD.TPS:DSD_G20_PRICES@DF_G20_PRICES(1.0),"G20 - Consumer price indices, all items",I,CAN,Canada,Q,Quarterly,N,National,CPI,Consumer price index,PA,Percent per annum,_T,Total,N,Neither seasonally adjusted nor calendar adjusted,GY,"Growth rate, over 1 year",2006-Q1,,2.363694,,A,Normal value,0,Units,,,,,1,One
DATAFLOW,OECD.SDD.TPS:DSD_G20_PRICES@DF_G20_PRICES(1.0),"G20 - Consumer price indices, all items",I,CAN,Canada,Q,Quarterly,N,National,CPI,Consumer price index,PA,Percent per annum,_T,Total,N,Neither seasonally adjusted nor calendar adjusted,GY,"Growth rate, over 1 year",2005-Q4,,2.213789,,A,Normal value,0,Units,,,,,1,One
DATAFLOW,OECD.SDD.TPS:DSD_G20_PRICES@DF_G20_PRICES(1.0),"G20 - Consumer price indices, all items",I,CAN,Canada,Q,Quarterly,N,National,CPI,Consumer price index,PA,Percent per annum,_T,Total,N,Neither seasonally adjusted nor calendar adjusted,GY,"Growth rate, over 1 year",2005-Q3,,2.604828,,A,Normal value,0,Units,,,,,1,One
DATAFLOW,OECD.SDD.TPS:DSD_G20_PRICES@DF_G20_PRICES(1.0),"G20 - Consumer price indices, all items",I,CAN,Canada,Q,Quarterly,N,National,CPI,Consumer price index,PA,Percent per annum,_T,Total,N,Neither seasonally adjusted nor calendar adjusted,GY,"Growth rate, over 1 year",2005-Q2,,1.909612,,A,Normal value,0,Units,,,,,1,One
DATAFLOW,OECD.SDD.TPS:DSD_G20_PRICES@DF_G20_PRICES(1.0),"G20 - Consumer price indices, all items",I,CAN,Canada,Q,Quarterly,N,National,CPI,Consumer price index,PA,Percent per annum,_T,Total,N,Neither seasonally adjusted nor calendar adjusted,GY,"Growth rate, over 1 year",2023-Q4,,3.211109,,A,Normal value,0,Units,,,,,1,One
DATAFLOW,OECD.SDD.TPS:DSD_G20_PRICES@DF_G20_PRICES(1.0),"G20 - Consumer price indices, all items",I,CAN,Canada,Q,Quarterly,N,National,CPI,Consumer price index,PA,Percent per annum,_T,Total,N,Neither seasonally adjusted nor calendar adjusted,GY,"Growth rate, over 1 year",2023-Q3,,3.686737,,A,Normal value,0,Units,,,,,1,One
DATAFLOW,OECD.SDD.TPS:DSD_G20_PRICES@DF_G20_PRICES(1.0),"G20 - Consumer price indices, all items",I,CAN,Canada,Q,Quarterly,N,National,CPI,Consumer price index,PA,Percent per annum,_T,Total,N,Neither seasonally adjusted nor calendar adjusted,GY,"Growth rate, over 1 year",2023-Q2,,3.519578,,A,Normal value,0,Units,,,,,1,One
DATAFLOW,OECD.SDD.TPS:DSD_G20_PRICES@DF_G20_PRICES(1.0),"G20 - Consumer price indices, all items",I,CAN,Canada,Q,Quarterly,N,National,CPI,Consumer price index,PA,Percent per annum,_T,Total,N,Neither seasonally adjusted nor calendar adjusted,GY,"Growth rate, over 1 year",2023-Q1,,5.147392,,A,Normal value,0,Units,,,,,1,One
DATAFLOW,OECD.SDD.TPS:DSD_G20_PRICES@DF_G20_PRICES(1.0),"G20 - Consumer price indices, all items",I,CAN,Canada,Q,Quarterly,N,National,CPI,Consumer price index,PA,Percent per annum,_T,Total,N,Neither seasonally adjusted nor calendar adjusted,GY,"Growth rate, over 1 year",2022-Q4,,6.665124,,A,Normal value,0,Units,,,,,1,One
DATAFLOW,OECD.SDD.TPS:DSD_G20_PRICES@DF_G20_PRICES(1.0),"G20 - Consumer price indices, all items",I,CAN,Canada,Q,Quarterly,N,National,CPI,Consumer price index,PA,Percent per annum,_T,Total,N,Neither seasonally adjusted nor calendar adjusted,GY,"Growth rate, over 1 year",2022-Q3,,7.152875,,A,Normal value,0,Units,,,,,1,One
DATAFLOW,OECD.SDD.TPS:DSD_G20_PRICES@DF_G20_PRICES(1.0),"G20 - Consumer price indices, all items",I,CAN,Canada,Q,Quarterly,N,National,CPI,Consumer price index,PA,Percent per annum,_T,Total,N,Neither seasonally adjusted nor calendar adjusted,GY,"Growth rate, over 1 year",2022-Q2,,7.546723,,A,Normal value,0,Units,,,,,1,One
DATAFLOW,OECD.SDD.TPS:DSD_G20_PRICES@DF_G20_PRICES(1.0),"G20 - Consumer price indices, all items",I,CAN,Canada,Q,Quarterly,N,National,CPI,Consumer price index,PA,Percent per annum,_T,Total,N,Neither seasonally adjusted nor calendar adjusted,GY,"Growth rate, over 1 year",2022-Q1,,5.831533,,A,Normal value,0,Units,,,,,1,One
DATAFLOW,OECD.SDD.TPS:DSD_G20_PRICES@DF_G20_PRICES(1.0),"G20 - Consumer price indices, all items",I,CAN,Canada,Q,Quarterly,N,National,CPI,Consumer price index,PA,Percent per annum,_T,Total,N,Neither seasonally adjusted nor calendar adjusted,GY,"Growth rate, over 1 year",2021-Q4,,4.726127,,A,Normal value,0,Units,,,,,1,One
DATAFLOW,OECD.SDD.TPS:DSD_G20_PRICES@DF_G20_PRICES(1.0),"G20 - Consumer price indices, all items",I,CAN,Canada,Q,Quarterly,N,National,CPI,Consumer price index,PA,Percent per annum,_T,Total,N,Neither seasonally adjusted nor calendar adjusted,GY,"Growth rate, over 1 year",2021-Q3,,4.062272,,A,Normal value,0,Units,,,,,1,One
DATAFLOW,OECD.SDD.TPS:DSD_G20_PRICES@DF_G20_PRICES(1.0),"G20 - Consumer price indices, all items",I,CAN,Canada,Q,Quarterly,N,National,CPI,Consumer price index,PA,Percent per annum,_T,Total,N,Neither seasonally adjusted nor calendar adjusted,GY,"Growth rate, over 1 year",2021-Q2,,3.349633,,A,Normal value,0,Units,,,,,1,One
DATAFLOW,OECD.SDD.TPS:DSD_G20_PRICES@DF_G20_PRICES(1.0),"G20 - Consumer price indices, all items",I,CAN,Canada,Q,Quarterly,N,National,CPI,Consumer price index,PA,Percent per annum,_T,Total,N,Neither seasonally adjusted nor calendar adjusted,GY,"Growth rate, over 1 year",2021-Q1,,1.436222,,A,Normal value,0,Units,,,,,1,One
DATAFLOW,OECD.SDD.TPS:DSD_G20_PRICES@DF_G20_PRICES(1.0),"G20 - Consumer price indices, all items",I,CAN,Canada,Q,Quarterly,N,National,CPI,Consumer price index,PA,Percent per annum,_T,Total,N,Neither seasonally adjusted nor calendar adjusted,GY,"Growth rate, over 1 year",2020-Q4,,0.7816316,,A,Normal value,0,Units,,,,,1,One
DATAFLOW,OECD.SDD.TPS:DSD_G20_PRICES@DF_G20_PRICES(1.0),"G20 - Consumer price indices, all items",I,CAN,Canada,Q,Quarterly,N,National,CPI,Consumer price index,PA,Percent per annum,_T,Total,N,Neither seasonally adjusted nor calendar adjusted,GY,"Growth rate, over 1 year",2020-Q3,,0.2682927,,A,Normal value,0,Units,,,,,1,One
DATAFLOW,OECD.SDD.TPS:DSD_G20_PRICES@DF_G20_PRICES(1.0),"G20 - Consumer price indices, all items",I,CAN,Canada,Q,Quarterly,N,National,CPI,Consumer price index,PA,Percent per annum,_T,Total,N,Neither seasonally adjusted nor calendar adjusted,GY,"Growth rate, over 1 year",2020-Q2,,0.02445586,,A,Normal value,0,Units,,,,,1,One
DATAFLOW,OECD.SDD.TPS:DSD_G20_PRICES@DF_G20_PRICES(1.0),"G20 - Consumer price indices, all items",I,CAN,Canada,Q,Quarterly,N,National,CPI,Consumer price index,PA,Percent per annum,_T,Total,N,Neither seasonally adjusted nor calendar adjusted,GY,"Growth rate, over 1 year",2020-Q1,,1.80917,,A,Normal value,0,Units,,,,,1,One
DATAFLOW,OECD.SDD.TPS:DSD_G20_PRICES@DF_G20_PRICES(1.0),"G20 - Consumer price indices, all items",I,CAN,Canada,Q,Quarterly,N,National,CPI,Consumer price index,PA,Percent per annum,_T,Total,N,Neither seasonally adjusted nor calendar adjusted,GY,"Growth rate, over 1 year",2019-Q4,,2.094763,,A,Normal value,0,Units,,,,,1,One
DATAFLOW,OECD.SDD.TPS:DSD_G20_PRICES@DF_G20_PRICES(1.0),"G20 - Consumer price indices, all items",I,CAN,Canada,Q,Quarterly,N,National,CPI,Consumer price index,PA,Percent per annum,_T,Total,N,Neither seasonally adjusted nor calendar adjusted,GY,"Growth rate, over 1 year",2019-Q3,,1.939334,,A,Normal value,0,Units,,,,,1,One
DATAFLOW,OECD.SDD.TPS:DSD_G20_PRICES@DF_G20_PRICES(1.0),"G20 - Consumer price indices, all items",I,CAN,Canada,Q,Quarterly,N,National,CPI,Consumer price index,PA,Percent per annum,_T,Total,N,Neither seasonally adjusted nor calendar adjusted,GY,"Growth rate, over 1 year",2019-Q2,,2.148389,,A,Normal value,0,Units,,,,,1,One
DATAFLOW,OECD.SDD.TPS:DSD_G20_PRICES@DF_G20_PRICES(1.0),"G20 - Consumer price indices, all items",I,CAN,Canada,Q,Quarterly,N,National,CPI,Consumer price index,PA,Percent per annum,_T,Total,N,Neither seasonally adjusted nor calendar adjusted,GY,"Growth rate, over 1 year",2019-Q1,,1.611685,,A,Normal value,0,Units,,,,,1,One
DATAFLOW,OECD.SDD.TPS:DSD_G20_PRICES@DF_G20_PRICES(1.0),"G20 - Consumer price indices, all items",I,CAN,Canada,Q,Quarterly,N,National,CPI,Consumer price index,PA,Percent per annum,_T,Total,N,Neither seasonally adjusted nor calendar adjusted,GY,"Growth rate, over 1 year",2018-Q4,,2.035623,,A,Normal value,0,Units,,,,,1,One
DATAFLOW,OECD.SDD.TPS:DSD_G20_PRICES@DF_G20_PRICES(1.0),"G20 - Consumer price indices, all items",I,CAN,Canada,Q,Quarterly,N,National,CPI,Consumer price index,PA,Percent per annum,_T,Total,N,Neither seasonally adjusted nor calendar adjusted,GY,"Growth rate, over 1 year",2018-Q3,,2.680623,,A,Normal value,0,Units,,,,,1,One
DATAFLOW,OECD.SDD.TPS:DSD_G20_PRICES@DF_G20_PRICES(1.0),"G20 - Consumer price indices, all items",I,CAN,Canada,Q,Quarterly,N,National,CPI,Consumer price index,PA,Percent per annum,_T,Total,N,Neither seasonally adjusted nor calendar adjusted,GY,"Growth rate, over 1 year",2018-Q2,,2.300025,,A,Normal value,0,Units,,,,,1,One
DATAFLOW,OECD.SDD.TPS:DSD_G20_PRICES@DF_G20_PRICES(1.0),"G20 - Consumer price indices, all items",I,CAN,Canada,Q,Quarterly,N,National,CPI,Consumer price index,PA,Percent per annum,_T,Total,N,Neither seasonally adjusted nor calendar adjusted,GY,"Growth rate, over 1 year",2018-Q1,,2.056027,,A,Normal value,0,Units,,,,,1,One
DATAFLOW,OECD.SDD.TPS:DSD_G20_PRICES@DF_G20_PRICES(1.0),"G20 - Consumer price indices, all items",I,CAN,Canada,Q,Quarterly,N,National,CPI,Consumer price index,PA,Percent per annum,_T,Total,N,Neither seasonally adjusted nor calendar adjusted,GY,"Growth rate, over 1 year",2017-Q4,,1.787102,,A,Normal value,0,Units,,,,,1,One
DATAFLOW,OECD.SDD.TPS:DSD_G20_PRICES@DF_G20_PRICES(1.0),"G20 - Consumer price indices, all items",I,CAN,Canada,Q,Quarterly,N,National,CPI,Consumer price index,PA,Percent per annum,_T,Total,N,Neither seasonally adjusted nor calendar adjusted,GY,"Growth rate, over 1 year",2017-Q3,,1.371636,,A,Normal value,0,Units,,,,,1,One
DATAFLOW,OECD.SDD.TPS:DSD_G20_PRICES@DF_G20_PRICES(1.0),"G20 - Consumer price indices, all items",I,CAN,Canada,Q,Quarterly,N,National,CPI,Consumer price index,PA,Percent per annum,_T,Total,N,Neither seasonally adjusted nor calendar adjusted,GY,"Growth rate, over 1 year",2017-Q2,,1.320559,,A,Normal value,0,Units,,,,,1,One
DATAFLOW,OECD.SDD.TPS:DSD_G20_PRICES@DF_G20_PRICES(1.0),"G20 - Consumer price indices, all items",I,CAN,Canada,Q,Quarterly,N,National,CPI,Consumer price index,PA,Percent per annum,_T,Total,N,Neither seasonally adjusted nor calendar adjusted,GY,"Growth rate, over 1 year",2017-Q1,,1.911996,,A,Normal value,0,Units,,,,,1,One
DATAFLOW,OECD.SDD.TPS:DSD_G20_PRICES@DF_G20_PRICES(1.0),"G20 - Consumer price indices, all items",I,CAN,Canada,Q,Quarterly,N,National,CPI,Consumer price index,PA,Percent per annum,_T,Total,N,Neither seasonally adjusted nor calendar adjusted,GY,"Growth rate, over 1 year",2016-Q4,,1.391807,,A,Normal value,0,Units,,,,,1,One
DATAFLOW,OECD.SDD.TPS:DSD_G20_PRICES@DF_G20_PRICES(1.0),"G20 - Consumer price indices, all items",I,CAN,Canada,Q,Quarterly,N,National,CPI,Consumer price index,PA,Percent per annum,_T,Total,N,Neither seasonally adjusted nor calendar adjusted,GY,"Growth rate, over 1 year",2016-Q3,,1.231333,,A,Normal value,0,Units,,,,,1,One
DATAFLOW,OECD.SDD.TPS:DSD_G20_PRICES@DF_G20_PRICES(1.0),"G20 - Consumer price indices, all items",I,CAN,Canada,Q,Quarterly,N,National,CPI,Consumer price index,PA,Percent per annum,_T,Total,N,Neither seasonally adjusted nor calendar adjusted,GY,"Growth rate, over 1 year",2016-Q2,,1.551407,,A,Normal value,0,Units,,,,,1,One
DATAFLOW,OECD.SDD.TPS:DSD_G20_PRICES@DF_G20_PRICES(1.0),"G20 - Consumer price indices, all items",I,CAN,Canada,Q,Quarterly,N,National,CPI,Consumer price index,PA,Percent per annum,_T,Total,N,Neither seasonally adjusted nor calendar adjusted,GY,"Growth rate, over 1 year",2016-Q1,,1.542553,,A,Normal value,0,Units,,,,,1,One
DATAFLOW,OECD.SDD.TPS:DSD_G20_PRICES@DF_G20_PRICES(1.0),"G20 - Consumer price indices, all items",I,CAN,Canada,Q,Quarterly,N,National,CPI,Consumer price index,PA,Percent per annum,_T,Total,N,Neither seasonally adjusted nor calendar adjusted,GY,"Growth rate, over 1 year",2015-Q4,,1.330495,,A,Normal value,0,Units,,,,,1,One
DATAFLOW,OECD.SDD.TPS:DSD_G20_PRICES@DF_G20_PRICES(1.0),"G20 - Consumer price indices, all items",I,CAN,Canada,Q,Quarterly,N,National,CPI,Consumer price index,PA,Percent per annum,_T,Total,N,Neither seasonally adjusted nor calendar adjusted,GY,"Growth rate, over 1 year",2015-Q3,,1.193001,,A,Normal value,0,Units,,,,,1,One
DATAFLOW,OECD.SDD.TPS:DSD_G20_PRICES@DF_G20_PRICES(1.0),"G20 - Consumer price indices, all items",I,CAN,Canada,Q,Quarterly,N,National,CPI,Consumer price index,PA,Percent per annum,_T,Total,N,Neither seasonally adjusted nor calendar adjusted,GY,"Growth rate, over 1 year",2015-Q2,,0.902096,,A,Normal value,0,Units,,,,,1,One
DATAFLOW,OECD.SDD.TPS:DSD_G20_PRICES@DF_G20_PRICES(1.0),"G20 - Consumer price indices, all items",I,CAN,Canada,Q,Quarterly,N,National,CPI,Consumer price index,PA,Percent per annum,_T,Total,N,Neither seasonally adjusted nor calendar adjusted,GY,"Growth rate, over 1 year",2015-Q1,,1.075269,,A,Normal value,0,Units,,,,,1,One
DATAFLOW,OECD.SDD.TPS:DSD_G20_PRICES@DF_G20_PRICES(1.0),"G20 - Consumer price indices, all items",I,CAN,Canada,Q,Quarterly,N,National,CPI,Consumer price index,PA,Percent per annum,_T,Total,N,Neither seasonally adjusted nor calendar adjusted,GY,"Growth rate, over 1 year",2014-Q4,,1.925685,,A,Normal value,0,Units,,,,,1,One
DATAFLOW,OECD.SDD.TPS:DSD_G20_PRICES@DF_G20_PRICES(1.0),"G20 - Consumer price indices, all items",I,CAN,Canada,Q,Quarterly,N,National,CPI,Consumer price index,PA,Percent per annum,_T,Total,N,Neither seasonally adjusted nor calendar adjusted,GY,"Growth rate, over 1 year",2014-Q3,,2.083897,,A,Normal value,0,Units,,,,,1,One
DATAFLOW,OECD.SDD.TPS:DSD_G20_PRICES@DF_G20_PRICES(1.0),"G20 - Consumer price indices, all items",I,CAN,Canada,Q,Quarterly,N,National,CPI,Consumer price index,PA,Percent per annum,_T,Total,N,Neither seasonally adjusted nor calendar adjusted,GY,"Growth rate, over 1 year",2014-Q2,,2.22403,,A,Normal value,0,Units,,,,,1,One
DATAFLOW,OECD.SDD.TPS:DSD_G20_PRICES@DF_G20_PRICES(1.0),"G20 - Consumer price indices, all items",I,CAN,Canada,Q,Quarterly,N,National,CPI,Consumer price index,PA,Percent per annum,_T,Total,N,Neither seasonally adjusted nor calendar adjusted,GY,"Growth rate, over 1 year",2014-Q1,,1.390025,,A,Normal value,0,Units,,,,,1,One
DATAFLOW,OECD.SDD.TPS:DSD_G20_PRICES@DF_G20_PRICES(1.0),"G20 - Consumer price indices, all items",I,CAN,Canada,Q,Quarterly,N,National,CPI,Consumer price index,PA,Percent per annum,_T,Total,N,Neither seasonally adjusted nor calendar adjusted,GY,"Growth rate, over 1 year",2013-Q4,,0.9307418,,A,Normal value,0,Units,,,,,1,One
DATAFLOW,OECD.SDD.TPS:DSD_G20_PRICES@DF_G20_PRICES(1.0),"G20 - Consumer price indices, all items",I,CAN,Canada,Q,Quarterly,N,National,CPI,Consumer price index,PA,Percent per annum,_T,Total,N,Neither seasonally adjusted nor calendar adjusted,GY,"Growth rate, over 1 year",2013-Q3,,1.14974,,A,Normal value,0,Units,,,,,1,One
